employee_id,name,phone,email,address,comission
3830,Shaeleigh Turner,1-382-217-5724,pellentesque.ultricies@localstack.com,Ap #497-3659 Eu St.,0.06
8362,Catherine King,1-721-878-1085,sed@localstack.com,Ap #897-2636 Enim Av.,0.07
6696,Patricia Cox,1-265-643-2312,imperdiet.erat.nonummy@localstack.com,Ap #775-1599 Sed Av.,0.04
1482,Elijah Parker,1-960-392-6387,blandit.congue@localstack.com,"P.O. Box 351, 3827 Dolor. Ave",0.13
9435,Ryan Nichols,1-746-416-6687,porttitor.tellus.non@localstack.com,"P.O. Box 829, 4074 Et Rd.",0.18
4750,Howard Guthrie,1-411-714-2257,donec.luctus@localstack.com,719-3465 Sagittis St.,0.16
5668,Melanie Ball,1-642-654-0825,mi@localstack.com,Ap #491-4951 Rutrum Avenue,0.18
1473,Celeste Johns,1-164-659-1664,quisque.ac@localstack.com,8081 Dapibus Rd.,0.07
9726,Christen Hamilton,1-837-188-3723,proin.eget.odio@localstack.com,265-4608 Ut Road,0.17
1561,Amelia Nolan,1-638-262-0243,arcu.vestibulum@localstack.com,7114 Tincidunt Av.,0.09
9438,Dacey Barr,1-129-332-2987,in.consectetuer.ipsum@localstack.com,351-2943 Maecenas Rd.,0.02
1737,Althea Mckenzie,1-472-806-5180,cum.sociis@localstack.com,Ap #530-6235 Vestibulum St.,0.13
1679,Darius Greer,1-456-650-5173,blandit@localstack.com,207-6885 Aliquam St.,0.04
6659,Melinda Le,1-842-714-5612,turpis.nulla@localstack.com,448-8729 Elit. Av.,0.06
1114,Bevis Sanford,1-581-141-6488,aliquam.ornare.libero@localstack.com,Ap #863-9016 Dolor St.,0.14
2470,Ori Tucker,1-260-486-5538,nisl.maecenas.malesuada@localstack.com,"P.O. Box 130, 746 Libero. Rd.",0.1
2232,Forrest Bradley,1-781-609-6287,enim.mauris@localstack.com,994-5433 Sem Av.,0.07
6337,Phyllis Hubbard,1-422-851-1159,in.at.pede@localstack.com,4850 In Av.,0.1
3455,Davis Jenkins,1-561-441-2126,justo.proin@localstack.com,3600 Blandit St.,0.13
4942,Sydnee Kirby,1-347-675-1366,sem@localstack.com,543-6641 Nec Ave,0.16
