customer_id,name,phone,email,address
4758,Callie Reyes,1-765-410-5785,magnis.dis@protonmail.ca,151-4553 Interdum Road
5379,Elizabeth Washington,1-955-634-5542,vel@google.edu,4063 Nunc St.
8111,Hasad Wright,1-324-830-5595,sed.auctor@aol.org,Ap #625-8512 Non Rd.
9258,Kirk Watts,1-578-784-1146,laoreet.ipsum@protonmail.org,211-2213 Pede St.
9142,Cally Robbins,1-887-472-0478,at.augue.id@google.com,"Ap #287-6324 A, Av."
5041,Benedict Underwood,1-138-146-9856,ante.ipsum@yahoo.ca,2927 Velit Rd.
4082,Maite Frye,1-978-891-2669,felis.ullamcorper@yahoo.org,"P.O. Box 304, 9982 Fusce Avenue"
7169,John Austin,1-110-466-4233,sit.amet.risus@yahoo.net,4152 Nec Av.
8481,Janna Luna,1-766-272-8164,donec.tincidunt@icloud.net,Ap #411-662 Cum St.
9956,Fritz Reid,1-424-372-6261,malesuada@outlook.net,308-2145 Neque. Ave
9867,Alden Kerr,1-246-193-8421,dolor@outlook.couk,Ap #864-5025 Ipsum St.
8920,Guinevere Ratliff,1-601-313-7068,sed@protonmail.ca,Ap #492-6216 Purus. Rd.
9534,Thor Donaldson,1-234-408-7380,rutrum@outlook.com,Ap #655-1719 Sagittis St.
6693,Jakeem Sargent,1-151-736-7234,vitae.aliquam.eros@outlook.com,"Ap #937-1675 Eu, Avenue"
5363,Knox Best,1-768-521-2260,nunc.id@hotmail.com,Ap #145-4692 Quis Street
5582,Emily Carr,1-820-241-7872,vel@protonmail.couk,3036 Sit Rd.
1215,Chancellor Hurley,1-546-281-1855,eget.volutpat@yahoo.com,684-6633 Nec St.
2082,Dean Fischer,1-537-215-3226,accumsan@icloud.net,242-770 Per Av.
5405,Mariko Jacobson,1-834-652-1855,risus.donec@icloud.net,423-3881 Nisl. Road
1965,Dustin Powers,1-615-360-3967,erat.eget@protonmail.org,Ap #959-5827 Malesuada Av.
9590,Stephen Ochoa,1-468-356-7284,rhoncus.id.mollis@protonmail.ca,"P.O. Box 484, 8685 Sit St."
9481,Odette Beasley,1-824-865-3867,urna.nunc@hotmail.org,4045 Ipsum Avenue
1488,Mark Peterson,1-234-610-6846,proin.ultrices@google.org,616-5259 Mi St.
8535,Candice Sharpe,1-638-341-4769,nulla.integer@hotmail.edu,Ap #855-507 Iaculis Rd.
7378,Jorden Mccarty,1-585-643-8744,mi.enim@protonmail.net,8974 Vivamus St.
7439,Ralph Wagner,1-288-359-0173,donec@icloud.org,971-5742 Lobortis Street
1256,Vivian Aguirre,1-895-665-5658,lorem.semper.auctor@aol.ca,946-6259 Arcu. Ave
6228,Beatrice Gamble,1-404-345-6656,fermentum.convallis@hotmail.com,6381 Diam Road
3902,Nathaniel Jensen,1-538-136-7499,imperdiet.nec@outlook.couk,"P.O. Box 909, 9057 Ac Avenue"
3720,Jin Gonzalez,1-216-191-0167,sit.amet@protonmail.com,2308 Eget St.
7547,Aristotle Weiss,1-432-736-1530,vel@yahoo.com,Ap #907-2640 Quis Avenue
4380,Donna Barr,1-313-933-2834,mauris.aliquam@aol.ca,347-2448 Cras Av.
7225,Noah Hubbard,1-112-423-0431,cubilia.curae@protonmail.net,776-6744 Mauris Rd.
5716,August Mcdowell,1-621-267-5522,vitae.nibh@hotmail.couk,"967-1251 At, Street"
6814,Kamal Pruitt,1-665-831-1074,risus.a.ultricies@aol.org,Ap #156-1205 Nulla. Rd.
5328,Cullen Copeland,1-924-995-6378,fusce@google.ca,Ap #882-5286 Vestibulum Av.
9636,Jelani Nielsen,1-456-434-8398,vivamus.nibh.dolor@aol.org,Ap #582-7640 Nisl Ave
8254,Timon Noble,1-267-328-2662,cum.sociis@outlook.ca,Ap #646-4596 Aliquam St.
7800,Quinn Wells,1-387-897-2726,ut.pellentesque@yahoo.ca,7049 In St.
6742,Erich Haley,1-496-624-4713,ligula.aenean.gravida@outlook.ca,"990 Amet, Road"
4207,Alan Dennis,1-723-876-4704,sapien.nunc.pulvinar@hotmail.ca,542-8820 Risus. Avenue
2068,Abdul Guerrero,1-484-846-2480,facilisis.non@google.org,994-7668 Gravida Ave
5368,Akeem Burgess,1-556-226-6977,dictum.eu.eleifend@protonmail.edu,Ap #517-6818 Varius Ave
8334,Thaddeus Ramsey,1-412-405-6652,consequat.purus.maecenas@yahoo.couk,8690 Ipsum Av.
9678,Kirsten Pickett,1-848-375-7539,maecenas.mi.felis@icloud.edu,488-333 Tempor Rd.
4092,Ivor Le,1-371-362-8571,mauris@google.ca,949-9805 Non Rd.
3952,Hanna Hopkins,1-442-734-4285,pellentesque.habitant@yahoo.net,Ap #546-4456 Metus. Rd.
3770,Carol Santiago,1-188-521-7293,eget.lacus@outlook.com,4603 Luctus. Road
5102,Orli Watts,1-434-925-8834,sit.amet@hotmail.ca,"P.O. Box 148, 7801 Natoque Avenue"
6255,Jesse Lucas,1-286-688-3893,nunc.ac@hotmail.com,9554 Congue Ave
9424,Erin Delaney,1-389-866-8247,sollicitudin.a@icloud.net,"P.O. Box 178, 7567 Pharetra Rd."
6443,Winifred Key,1-454-269-9760,metus.in.nec@icloud.ca,Ap #133-9569 Imperdiet Road
6124,Deborah Brooks,1-310-247-0883,lectus.cum@outlook.com,332-5349 Non St.
6081,Denton Williams,1-465-656-1143,elementum.sem@protonmail.net,444-4994 Pharetra. St.
5390,Selma Gonzales,1-215-674-3853,amet.dapibus.id@outlook.ca,289-9264 Adipiscing St.
1535,Clayton Richmond,1-305-969-5611,dolor.nulla.semper@google.edu,1541 Dolor Av.
7812,Thaddeus Bauer,1-397-520-0124,ipsum.primis@yahoo.net,995-8427 Est Avenue
2795,Salvador Alford,1-669-517-7853,cras.eu.tellus@icloud.ca,Ap #174-3379 Facilisi. Rd.
3118,Brynn Owen,1-275-655-6517,magna.et.ipsum@aol.org,871-4044 Erat. Av.
3787,Garrett Beach,1-718-210-1635,facilisis.non@outlook.edu,1184 In Rd.
5534,Aquila Watson,1-491-680-5628,nec.imperdiet@icloud.net,Ap #468-1546 Euismod Road
1676,Yvette Bonner,1-345-828-5171,dignissim.maecenas.ornare@aol.org,Ap #372-8840 Donec Ave
7828,Simon Glenn,1-123-311-2888,sit@protonmail.net,Ap #748-2358 Ultrices Street
2194,Noble Beck,1-460-663-1778,malesuada.integer@aol.net,"Ap #757-1318 Tincidunt, Av."
6296,Nolan Roberson,1-372-532-4884,pretium.neque.morbi@icloud.ca,"P.O. Box 713, 1584 Nec, Rd."
4572,Joy Hunt,1-987-922-4165,faucibus.id@hotmail.ca,328-1205 Nulla. Ave
9401,Xyla Kelly,1-436-664-2836,ipsum.suspendisse@aol.edu,419-5338 Tempus Road
6777,Lamar Spears,1-863-646-1883,velit@protonmail.ca,Ap #241-2755 Arcu. Ave
5110,Galvin Hopper,1-468-629-0288,aenean.euismod.mauris@protonmail.com,"P.O. Box 895, 9734 Cras Av."
5560,Randall Decker,1-584-791-9044,sociis.natoque.penatibus@aol.com,521-3038 Proin Av.
1707,Hunter Sweeney,1-227-520-6867,etiam@hotmail.com,"P.O. Box 526, 2818 Libero St."
5414,Kalia Love,1-145-483-3809,libero.dui@aol.org,Ap #353-4571 Duis Rd.
4353,Jin Hines,1-324-177-1222,venenatis@icloud.net,243-5692 Duis Avenue
5549,Ahmed Flores,1-711-631-7151,ac.libero.nec@icloud.ca,255-743 Laoreet Av.
2373,John Cervantes,1-516-687-6266,elit.curabitur@aol.edu,Ap #555-5699 Aliquet Road
2261,Malik Curtis,1-874-258-4512,dictum.augue@icloud.couk,Ap #363-1367 Imperdiet St.
5191,Lucy Maldonado,1-127-460-7146,malesuada.fringilla.est@google.com,Ap #934-7098 Suspendisse Ave
3946,Kathleen Mckee,1-422-586-0526,massa.vestibulum@hotmail.edu,"7564 Amet, Av."
5167,Owen Moon,1-173-494-5147,ac@icloud.ca,648-9081 Morbi Ave
4322,Karleigh Yates,1-886-720-3736,iaculis@google.com,Ap #865-8492 Mauris Street
7175,Heidi Vinson,1-629-679-5741,leo.elementum.sem@icloud.couk,Ap #213-3531 Ipsum. Rd.
1888,Gareth Wagner,1-241-834-0620,a@outlook.net,"P.O. Box 763, 8612 Nunc. Avenue"
5495,Mona Guerra,1-247-317-6919,vel.arcu.curabitur@icloud.edu,Ap #822-6450 Nulla. Avenue
3877,Imogene Blanchard,1-254-781-6584,quis.pede@outlook.edu,659-1607 Ante St.
1756,Clare Hicks,1-911-658-5701,quis@google.net,Ap #820-2425 Est. St.
2688,Eve Romero,1-485-531-8854,a.enim.suspendisse@protonmail.com,"P.O. Box 814, 5674 Sem Street"
8525,Galena Fleming,1-351-441-2911,dui@aol.couk,Ap #863-8668 Neque St.
6663,Cheyenne Woods,1-698-676-4454,faucibus.lectus@protonmail.couk,"5178 Pede, Road"
3121,Bernard Avery,1-318-618-7926,posuere.enim.nisl@protonmail.net,"Ap #268-7520 Ornare, Avenue"
3773,Walker Goff,1-250-561-7215,penatibus.et@outlook.org,"P.O. Box 826, 5530 Praesent Street"
7447,Ahmed Gibson,1-823-473-3328,et.rutrum@outlook.org,319-1432 Diam Ave
7592,Piper Howard,1-936-771-5121,quam.dignissim@outlook.org,246-6587 Aptent Avenue
3271,Driscoll Castaneda,1-227-415-6641,curabitur.dictum.phasellus@outlook.com,1118 Quisque Road
7052,Imani Gutierrez,1-652-574-3507,eros.turpis@icloud.edu,Ap #808-3580 Eu Road
9585,Lamar Pace,1-846-728-7952,donec.nibh@protonmail.net,Ap #996-8823 Felis St.
5195,Alec Aguirre,1-414-908-9156,quis@hotmail.couk,714-5800 Ligula. Rd.
4499,Camden Brown,1-724-398-3320,orci@google.net,649-9793 Ut St.
2366,Jacqueline Zimmerman,1-356-686-3072,tincidunt.nunc.ac@hotmail.edu,"7943 Erat, St."
9874,Ginger Melton,1-730-632-3267,pharetra.nibh.aliquam@hotmail.com,Ap #401-9961 Dui St.
1154,Adele Houston,1-963-337-3266,duis.a@outlook.com,265-9773 Sem Street
1533,Cara Church,1-457-254-8425,tellus.aenean@icloud.org,"P.O. Box 313, 4526 Donec Street"
9739,Stone Hardin,1-423-415-6376,integer@hotmail.edu,Ap #426-7096 Ut Avenue
4261,Elton Joyce,1-597-454-9632,sem.molestie.sodales@google.net,"Ap #929-3980 Ut, Rd."
3167,Vera Solomon,1-240-744-1866,vel.pede@hotmail.couk,Ap #403-9605 Sem Ave
4211,Elvis Bolton,1-503-732-3714,ligula.consectetuer@google.edu,"P.O. Box 248, 7820 Aliquam Avenue"
3984,Avram Benjamin,1-533-487-6760,varius@aol.org,1052 Vulputate Avenue
5741,Cassady Simpson,1-577-668-0882,condimentum@protonmail.edu,771-3938 Faucibus Avenue
7395,Hashim Cervantes,1-300-872-5319,in.magna.phasellus@protonmail.com,6831 Tempus St.
4824,Michelle Espinoza,1-293-976-3838,dictum@google.com,"P.O. Box 536, 828 Sem. Av."
4533,Isabelle Holloway,1-955-826-4235,non.justo@icloud.edu,"Ap #832-428 At, Rd."
2110,Jack Benton,1-878-612-2671,mauris.vestibulum@protonmail.com,210-9470 Justo. Ave
5915,Mikayla Frye,1-281-452-2605,luctus.lobortis@aol.org,"Ap #900-6337 Mi, Ave"
7222,Octavia Mcclain,1-357-348-2624,libero.donec@hotmail.org,7717 Condimentum. Rd.
2567,Hilel Gonzales,1-584-667-6178,iaculis@aol.couk,Ap #379-3328 At Avenue
2370,Timon Hoffman,1-132-276-1451,amet.consectetuer@yahoo.com,"P.O. Box 844, 5743 Cras Street"
8190,Zephania Page,1-656-427-2343,morbi.accumsan.laoreet@icloud.org,4519 Odio Avenue
4969,Harlan Velazquez,1-550-851-4102,rhoncus@yahoo.org,203-7519 Cras Avenue
6137,Michelle Barnes,1-985-606-1024,mollis.integer@aol.ca,"P.O. Box 789, 6002 Tempus Road"
6709,Rhoda Rojas,1-613-550-3115,pharetra.quisque@protonmail.com,"Ap #274-1120 Lectus, St."
3169,Noelle Gardner,1-482-368-4991,elit@icloud.org,Ap #672-1849 Morbi Av.
1850,Dieter Dodson,1-312-878-1878,eu.nulla@hotmail.edu,Ap #828-4796 Ante. Av.
2240,Anthony Burnett,1-352-554-1704,lacinia@hotmail.edu,"P.O. Box 227, 1999 Commodo Avenue"
7494,Uriel Frederick,1-376-672-4791,enim.sit.amet@hotmail.org,Ap #300-707 Eu Road
6105,Remedios Valencia,1-512-737-5712,curabitur.vel@google.net,Ap #597-1707 Dui. Av.
6907,Alika Rich,1-816-212-2878,pede.nonummy@yahoo.ca,5783 Eleifend Ave
7610,Jamalia Walsh,1-132-333-6690,mauris@icloud.org,Ap #623-9474 Consectetuer St.
3711,Amelia Miles,1-557-996-2841,aenean.eget@hotmail.ca,"Ap #849-8343 Pharetra, Rd."
2371,Inez Chang,1-943-129-9648,sem.pellentesque@icloud.edu,256-4312 Nam St.
1359,Quail Burch,1-706-265-3721,ipsum@google.net,570-6626 Commodo St.
2525,Yeo Black,1-567-422-5809,quam@protonmail.ca,3149 Accumsan Av.
4801,Dominic Chapman,1-774-763-3959,diam.eu@hotmail.net,Ap #544-5997 Dictum. St.
8740,Christen Hopkins,1-812-508-8170,vel@yahoo.net,953-3577 Aliquet Rd.
8468,Griffith Bruce,1-657-221-1743,commodo.hendrerit@icloud.org,"P.O. Box 932, 2061 Ultricies St."
3472,Sarah Roberts,1-322-186-6075,auctor.ullamcorper@outlook.couk,"P.O. Box 676, 3264 Ipsum Av."
6330,Tyrone Clarke,1-323-583-8830,dictum@icloud.com,Ap #176-3755 Iaculis Avenue
5515,Hanna Hamilton,1-158-201-1526,gravida.non@protonmail.ca,Ap #407-8845 Eget Av.
4922,Lenore Rice,1-927-445-8860,risus.varius.orci@google.org,Ap #672-2712 A Rd.
3251,Marcia Koch,1-880-205-3837,vitae.dolor.donec@outlook.ca,"P.O. Box 597, 7333 Nisi St."
2693,Harper Hodge,1-742-351-7904,mi.enim@icloud.ca,Ap #152-4251 Dolor. St.
5003,Felicia Macias,1-748-512-9266,ut.odio@aol.org,"P.O. Box 686, 5605 Elit, Rd."
4982,Orson Mcclure,1-476-663-9272,at@aol.couk,901-4583 Accumsan Ave
5624,Myles Vinson,1-518-231-3225,lorem.sit@icloud.net,858-2819 Urna. Avenue
7107,Anika Richmond,1-237-353-0338,orci@google.net,Ap #362-1590 Sit Rd.
1890,Karen Garrett,1-226-755-7543,dui@google.net,195-3157 Nulla St.
4797,Cooper Mckay,1-347-126-0786,cras.interdum@google.org,Ap #375-6599 Pede Ave
1262,Judith Miles,1-567-651-6880,erat.eget.ipsum@aol.edu,Ap #752-9301 Leo. Ave
7305,Brock Hahn,1-682-581-8126,ac.tellus.suspendisse@google.edu,768-5312 Sit Av.
3340,Buckminster Britt,1-682-275-1280,eget.magna.suspendisse@protonmail.ca,769-8412 A St.
3673,Blossom Woods,1-387-409-4326,pede.et.risus@yahoo.couk,290-2376 Vitae Ave
2891,Kaseem Noble,1-786-235-3293,imperdiet@protonmail.couk,"P.O. Box 608, 5322 Dictum Rd."
3157,Brendan Valdez,1-927-349-4245,rhoncus.donec@hotmail.ca,856-9370 In Street
4115,Chadwick Howard,1-623-172-7162,vulputate.risus.a@outlook.edu,"Ap #343-4765 Erat, St."
4347,Byron Carter,1-418-688-0372,tristique.senectus@aol.ca,"P.O. Box 732, 1980 Vehicula St."
1299,Asher Hendricks,1-658-751-1081,vel.lectus@protonmail.edu,Ap #616-3422 Nonummy Rd.
9463,Aladdin Campbell,1-851-272-6506,justo@protonmail.com,507-306 Vestibulum. St.
2661,Vera Waller,1-465-661-8615,tellus.id.nunc@aol.ca,"3841 Amet, St."
5602,Tyler Carroll,1-437-533-8286,ullamcorper.nisl@hotmail.ca,8559 Ante Rd.
8322,Amena Salazar,1-792-614-0731,sed.eu.nibh@yahoo.net,"Ap #350-319 Tincidunt, Street"
4151,Allen Snider,1-625-916-1115,luctus.et@icloud.org,211-9616 Quisque Rd.
3701,Phillip Hill,1-628-828-2566,metus.in.lorem@hotmail.org,Ap #852-9388 Urna Street
2161,Evelyn Bryan,1-852-564-1579,faucibus.orci@outlook.net,Ap #423-9349 Elit Road
1958,Valentine Pugh,1-387-327-8985,euismod.urna.nullam@outlook.couk,"P.O. Box 356, 689 Arcu Av."
7008,Farrah Ochoa,1-543-568-9962,aliquam@aol.couk,Ap #370-7930 Turpis Av.
2008,Fulton Whitaker,1-828-391-7460,iaculis.odio@icloud.net,6988 Lorem Avenue
6899,Harrison Olsen,1-367-508-1596,malesuada.vel.venenatis@google.couk,9343 Et Rd.
4318,Latifah Mays,1-276-867-6745,aliquam.gravida@outlook.org,"P.O. Box 255, 6118 Risus, Avenue"
4360,Wing Murray,1-687-965-5172,nunc.risus.varius@outlook.org,Ap #144-8564 Tincidunt Av.
4726,Cedric Sheppard,1-323-208-9367,augue.malesuada@hotmail.net,"P.O. Box 721, 384 A Ave"
7805,Gannon Thomas,1-555-142-0871,sociis.natoque.penatibus@aol.net,"143-8628 Vulputate, Avenue"
2666,Jennifer Swanson,1-290-778-3358,dictum.mi@icloud.com,"P.O. Box 157, 5864 Felis. Rd."
6044,Chadwick Curtis,1-717-336-7887,ut.tincidunt.vehicula@hotmail.couk,2233 Tincidunt Avenue
3688,Maggie Sawyer,1-734-726-5572,vitae.erat.vel@google.com,"P.O. Box 384, 2977 Ultrices. Ave"
6644,Eugenia Miller,1-595-382-4773,nulla.vulputate@aol.com,Ap #900-9753 Turpis St.
3572,Maxwell Daniel,1-813-413-2236,non.cursus@protonmail.org,493-1490 Sed Road
6316,Beau Deleon,1-533-913-9420,integer.in@protonmail.net,"P.O. Box 171, 8264 Diam. Street"
5133,Colorado Torres,1-131-711-7384,ligula.nullam@google.net,285-3276 Ante Rd.
7648,Mariam Sykes,1-838-284-8103,sit.amet.luctus@icloud.net,"3077 Eu, Rd."
2561,Gail Vargas,1-823-602-5393,eu.dolor@protonmail.com,"364-2659 Erat, Road"
1131,Victor Blair,1-660-128-3164,sagittis.augue.eu@outlook.ca,Ap #750-7478 Ut Street
3632,Xander Mendoza,1-525-465-2854,non.feugiat.nec@protonmail.couk,"P.O. Box 710, 4327 Dictum Rd."
7267,Slade Rocha,1-354-214-7813,augue.eu@outlook.couk,827-5337 Suspendisse Ave
5304,Veda Elliott,1-768-758-4951,maecenas.ornare.egestas@yahoo.net,770-3063 Fringilla Avenue
5364,Ariel Rutledge,1-647-476-3194,viverra.maecenas.iaculis@hotmail.ca,Ap #140-9002 Ligula. Av.
7939,Price Wilkinson,1-935-208-0427,aliquam.arcu@outlook.net,4129 Venenatis Avenue
5237,Indira Steele,1-776-468-6037,felis@aol.ca,894-4400 Sapien. Ave
5276,Rajah Burke,1-628-838-8777,lorem@aol.net,2242 Sit Av.
5363,Molly Walters,1-176-582-6041,aliquam.auctor@protonmail.ca,861-7438 Cras Street
7897,Ahmed Chang,1-757-268-5732,massa@hotmail.com,"Ap #367-4161 Vitae, St."
3725,Walter Scott,1-477-748-3394,in.sodales@hotmail.org,4250 Sed Rd.
3346,Rose Pacheco,1-645-658-8826,metus@yahoo.net,150-7252 At Rd.
9609,Eugenia Pickett,1-833-935-3488,eu.nibh@outlook.net,505-1496 Condimentum. Avenue
4390,Kirk Rosario,1-615-847-5224,facilisis@aol.org,279-2701 Sit St.
6405,Anthony Hatfield,1-817-522-2573,vestibulum.ante.ipsum@icloud.net,886 Vulputate Rd.
2388,Kim Burch,1-162-881-9481,donec.sollicitudin@icloud.ca,Ap #182-5731 Morbi St.
4031,Akeem Mcbride,1-686-218-7488,adipiscing.lobortis@aol.com,"Ap #744-432 Non, Street"
5330,Yetta Marshall,1-377-771-5014,condimentum.donec@aol.net,"954-4333 Posuere, Rd."
6189,Halla Harrison,1-249-903-2058,elit.curabitur@google.org,769-1165 Vivamus Street
8262,Kylee Gamble,1-658-238-6745,fringilla.mi.lacinia@hotmail.ca,Ap #448-1658 Cursus. Avenue
6396,Jenna Sexton,1-366-937-8094,imperdiet.non@icloud.com,"P.O. Box 744, 5672 Convallis Road"
1740,Carson Hickman,1-484-446-1420,mollis.dui.in@protonmail.net,Ap #663-9091 Dictum Rd.
9563,Germane Griffin,1-517-729-5296,neque@yahoo.couk,9094 Tellus. Rd.
8014,Amos Parker,1-728-863-2505,in.tempus@icloud.edu,9260 Nunc Av.
6159,Buckminster Middleton,1-156-424-2203,dolor@hotmail.com,361-2638 Vehicula Street
7062,Roth Coffey,1-459-648-1445,curae.donec.tincidunt@outlook.edu,"806-1359 Ante, St."
3864,Clio Rose,1-193-982-2431,magnis.dis@hotmail.couk,"P.O. Box 396, 1511 Lacus. Ave"
9338,Armand Osborn,1-773-712-7594,enim@protonmail.couk,"Ap #360-8213 Dolor, Street"
4674,Erin Mccullough,1-366-243-6548,diam@google.com,Ap #782-795 Sodales Road
9176,Chastity Dunn,1-175-471-4457,risus.nulla.eget@hotmail.couk,Ap #140-4805 Eu Street
6776,Macy Robbins,1-664-881-4394,egestas.nunc@hotmail.org,"P.O. Box 795, 4083 Lobortis Road"
1542,Howard Byrd,1-516-452-6289,in.scelerisque@yahoo.edu,"P.O. Box 767, 3988 Neque Street"
3679,Madeline Heath,1-793-388-7301,hendrerit@google.ca,"P.O. Box 722, 7814 Inceptos Road"
7530,Prescott Hatfield,1-158-362-3311,dolor@google.org,Ap #441-6131 Turpis Road
4388,Josephine Small,1-232-721-3813,molestie@google.net,323-7325 Non Avenue
8714,Hermione Mcclure,1-953-718-9599,tristique@google.com,310-2258 Blandit. St.
9440,Lane O'brien,1-318-493-3629,tortor.at.risus@icloud.org,Ap #636-7023 Euismod Road
2345,Ila Kidd,1-777-321-5706,ullamcorper.duis@hotmail.com,Ap #686-9678 Phasellus Av.
1999,Boris Kerr,1-148-629-4821,donec.nibh@aol.edu,"P.O. Box 502, 3442 Aliquam Street"
9094,Ava Acevedo,1-652-551-7328,sed.diam.lorem@google.ca,"956-8184 Et, Road"
3718,Burke Gilbert,1-388-934-6462,donec.tincidunt@yahoo.net,Ap #783-1763 Lobortis Street
1499,Judith Baldwin,1-699-876-7647,lorem@google.org,332-5251 Nunc Avenue
4754,Gisela Mccray,1-256-260-3755,convallis.convallis@outlook.org,Ap #607-5599 Eleifend. Rd.
7629,Grant Myers,1-124-585-5576,a@outlook.net,"172-4464 Vel, St."
5024,Hayley Burris,1-332-581-1710,dolor@icloud.couk,"Ap #847-4307 Auctor, Ave"
2354,Fitzgerald Mann,1-374-327-4245,lacinia.mattis@google.org,Ap #504-6182 Volutpat. Street
4589,Harding Baxter,1-513-852-2435,nullam@google.org,686-7879 Imperdiet St.
7115,Victor King,1-320-431-0648,nisl.elementum@hotmail.org,Ap #527-994 Sodales. Rd.
2105,Kristen Mathis,1-656-540-8341,ac.arcu.nunc@yahoo.com,"P.O. Box 648, 4731 Phasellus Av."
6736,Lara Phelps,1-604-486-1512,quis.diam@protonmail.ca,393-9791 Blandit Rd.
7459,Gail Castillo,1-322-379-9132,vel@aol.edu,"Ap #869-1549 Tempor, Road"
5044,Orla Pugh,1-261-557-2576,enim.non.nisi@protonmail.net,630-790 Dictum. Road
2676,Frances Blackburn,1-134-598-2344,aenean.egestas.hendrerit@aol.org,7931 Vel Rd.
1756,Orla Burnett,1-749-379-9767,sed.nulla@yahoo.ca,748-8249 Eu Ave
8664,Carlos Garrett,1-532-536-5104,dolor.sit.amet@google.couk,"324-2708 Nec, St."
3963,Octavius Mendez,1-277-578-7285,praesent.eu.dui@aol.net,897-7174 Sapien Rd.
9149,Amal Villarreal,1-380-593-3564,semper@google.couk,Ap #229-6272 Tempus St.
1793,Amos Sullivan,1-286-488-1452,faucibus.orci@protonmail.com,955 Donec St.
5460,Lillith Lindsay,1-384-807-8385,sit.amet.consectetuer@aol.net,909-219 Semper Street
7515,Boris Glover,1-317-572-5723,neque.nullam@aol.couk,"P.O. Box 922, 6645 Mi St."
2364,Aaron Haley,1-418-948-1363,eu@yahoo.couk,328-4550 Parturient St.
9842,Guinevere Olson,1-994-528-9132,amet.risus.donec@yahoo.com,Ap #355-5816 Metus St.
9528,Felix Allison,1-263-271-9139,etiam.vestibulum@hotmail.ca,Ap #705-8471 Malesuada Rd.
6155,Ella Lane,1-311-354-1919,pede.praesent@aol.net,"P.O. Box 705, 2950 Dui. Street"
4724,May Cantu,1-868-533-2565,eget@protonmail.com,350-7606 Non Av.
2693,Fuller Dalton,1-744-695-9683,sagittis@icloud.net,349-4993 Arcu. St.
9680,Wendy Russell,1-642-656-5008,eleifend@icloud.net,"P.O. Box 849, 2056 Luctus St."
5389,Yuri Simpson,1-705-826-2003,ligula.aliquam.erat@google.ca,"110-7858 Scelerisque, Av."
7896,Jena Zimmerman,1-565-865-7911,fermentum.arcu@hotmail.net,"207-4294 Id, Rd."
7731,Cameran Reed,1-296-916-2075,rhoncus.proin.nisl@outlook.couk,Ap #385-3231 Tincidunt Rd.
4444,Elizabeth Lane,1-425-463-4140,nec.quam@outlook.couk,964-6156 Metus Road
1915,Timon Gonzalez,1-853-448-1604,nunc.quis.arcu@aol.edu,2469 Dolor Rd.
6121,Thor Vaughn,1-255-413-3878,phasellus.libero@aol.net,"P.O. Box 529, 7108 Ullamcorper. St."
3372,Axel Solis,1-628-467-7061,ligula@google.net,273-8830 Sit Rd.
2413,Daquan Snider,1-452-437-2575,ac@protonmail.net,761-6780 Arcu Road
9818,Nayda Farmer,1-412-717-2656,nec.urna@protonmail.org,672-5839 Amet Street
5522,Judith Chen,1-247-259-3637,consectetuer.adipiscing@outlook.com,Ap #849-8117 Risus Road
8741,Sopoline Bell,1-873-428-8790,amet.diam@outlook.com,"Ap #760-5534 Augue, Rd."
6894,Aurora Turner,1-375-786-6686,cursus.luctus@yahoo.couk,Ap #960-9469 Orci Ave
3890,Victoria Hull,1-356-316-3781,molestie.arcu@aol.net,"353-7243 Sapien, Ave"
4508,Randall Dillard,1-403-486-9710,auctor@hotmail.edu,897-6141 Ut Ave
3521,Robin Rich,1-693-285-2299,fusce.aliquet@google.edu,134-6367 Adipiscing Rd.
9869,James Mathews,1-376-271-0535,purus.ac@aol.ca,678-9748 Auctor. St.
3850,Maxine Golden,1-873-976-8333,non.lorem@yahoo.couk,Ap #725-8213 Vitae Avenue
3814,Caldwell Neal,1-161-250-3181,mauris.eu@protonmail.com,"P.O. Box 465, 8529 Amet Road"
4146,Glenna Holcomb,1-888-569-9155,arcu.ac@icloud.edu,Ap #704-2008 Eget Rd.
3103,Trevor Gilmore,1-175-587-4331,id.blandit@outlook.net,Ap #653-2303 Mauris. St.
2566,Jason Sims,1-288-295-8878,nam.consequat.dolor@yahoo.ca,8371 Nibh. Street
9535,Daniel Bradshaw,1-512-723-2643,urna.convallis@outlook.ca,Ap #208-6305 Nisi. Avenue
9723,Owen Davenport,1-517-211-5574,montes.nascetur@protonmail.couk,280-2001 Dolor. Road
5370,Aspen Ayers,1-288-727-1966,quis.accumsan.convallis@icloud.edu,"P.O. Box 714, 4753 Ligula. St."
8899,Brenna Wheeler,1-232-589-5879,iaculis@google.ca,Ap #532-8828 Vehicula Ave
3352,Neil Cabrera,1-364-777-6283,mi@protonmail.com,Ap #437-8274 Nisi Avenue
1317,Herrod Bonner,1-665-332-4465,malesuada.fames@outlook.edu,781-9420 At Rd.
7425,Rowan Conway,1-787-294-9842,nunc.ac@aol.ca,"P.O. Box 206, 6864 Donec St."
9156,Bruce Snider,1-508-228-3115,ante.nunc@yahoo.edu,Ap #993-8073 Donec Road
8866,Noel Acevedo,1-518-647-3963,a.malesuada@yahoo.org,Ap #612-9412 Eleifend. Ave
9595,Indira Chaney,1-661-833-7860,eget.metus.eu@outlook.org,Ap #242-1235 Tempor Avenue
7189,Karina Michael,1-325-357-7582,in.cursus@outlook.edu,Ap #452-4060 Urna. Road
5148,Abraham Tucker,1-822-545-7771,eget@protonmail.com,7290 Fusce Avenue
2679,Donna Quinn,1-938-898-6585,eget@hotmail.net,Ap #577-5452 Molestie. Avenue
9633,Preston Ayala,1-246-587-1411,tellus@icloud.com,"P.O. Box 925, 7186 Luctus Ave"
9516,Gisela Cohen,1-615-955-7286,varius.et@yahoo.couk,Ap #882-6963 Eget St.
6746,Fuller Freeman,1-157-686-6395,nec.orci.donec@yahoo.ca,Ap #852-7634 Est St.
1892,Knox Pate,1-620-547-3591,etiam.bibendum.fermentum@protonmail.ca,5613 Sodales Ave
8144,Hu Kent,1-533-120-4765,dictum@aol.net,Ap #709-4908 Diam Road
1450,Baker Fleming,1-898-537-8375,massa@hotmail.ca,Ap #702-4092 Luctus St.
3875,Octavia Bradshaw,1-158-767-3266,faucibus.morbi@protonmail.ca,199-2078 Imperdiet St.
8720,Anne Beasley,1-465-371-4657,nec@aol.edu,923-849 Ac Rd.
5201,Magee Yates,1-472-787-7719,dolor.sit@icloud.org,Ap #886-9182 Natoque Rd.
5670,Honorato Mcconnell,1-781-472-6858,mi@google.net,Ap #839-4274 Magna. Road
7311,Elvis Greene,1-783-251-2473,neque@google.org,6026 Sapien Road
5730,Stacy Franklin,1-446-478-4272,nulla.tincidunt.neque@hotmail.ca,336-4183 Lorem Street
2412,Adrienne Johns,1-889-489-1934,turpis@hotmail.org,778-951 Sociis St.
8033,Justine Burch,1-899-206-4175,cras@icloud.ca,995-8602 Sit St.
6239,Robin Perkins,1-155-447-3568,malesuada.integer@aol.couk,"P.O. Box 601, 1384 Eget Avenue"
3984,Alexis Brown,1-237-372-4070,varius.orci.in@aol.com,3213 Et Street
9156,Flynn Kennedy,1-200-332-8377,urna.justo@yahoo.com,"289-270 Non, Ave"
1636,Ulla Fitzgerald,1-122-161-6978,tortor.at.risus@hotmail.net,Ap #586-3691 Nunc Rd.
7441,Rigel Morris,1-790-316-6328,nunc.ullamcorper@aol.edu,"P.O. Box 801, 344 Ornare Rd."
9803,Nell Burgess,1-248-835-7269,amet@google.org,"330-1648 Id, St."
5190,Herman Cabrera,1-789-518-6672,fusce@outlook.couk,386-3294 Et Street
2444,Mari Potts,1-848-214-5885,nisl@yahoo.net,"P.O. Box 446, 6811 A Street"
5687,Seth Solis,1-539-774-1187,sed@yahoo.edu,"P.O. Box 798, 6990 Velit. Road"
6944,Charity Whitley,1-786-852-8412,mauris@yahoo.com,3077 Ac Av.
4161,Keane Morris,1-107-112-2722,nunc.ullamcorper@aol.org,"P.O. Box 201, 9389 Cum Rd."
2537,Carla Summers,1-653-492-4573,augue.scelerisque@yahoo.couk,Ap #127-7344 Lectus Ave
3522,Castor Jordan,1-397-742-5917,cum.sociis@icloud.ca,Ap #597-6468 Non Av.
2506,Ignatius Knapp,1-327-195-7365,neque.tellus@aol.net,Ap #442-5619 Eu Avenue
4838,Amery Shepard,1-858-321-4353,fringilla.euismod@google.net,"191-1977 A, Road"
3118,Sopoline Leon,1-334-872-1263,lacus.quisque.purus@protonmail.com,752-8639 Tempor Avenue
5395,Davis Rivera,1-589-563-6484,sagittis.lobortis@outlook.couk,223-7006 Velit Street
6569,Brenden Benton,1-880-935-1534,diam.dictum.sapien@icloud.edu,630-2640 Semper. Avenue
6253,Rana Bright,1-314-624-5665,sem.pellentesque.ut@protonmail.net,Ap #379-7122 Lobortis Rd.
1269,Kylan Frye,1-774-639-2262,erat@outlook.couk,"P.O. Box 576, 6322 Eu St."
4290,Sierra Finley,1-761-558-1132,vitae@outlook.org,256-7636 Sociis Av.
2019,Murphy Shepherd,1-585-453-3801,tellus.imperdiet@outlook.edu,Ap #976-1478 Egestas St.
5233,Calvin Cooley,1-417-958-9644,ultrices.posuere@yahoo.com,214-4030 Aliquet St.
5065,Fallon Vinson,1-230-648-3317,elit.erat@icloud.ca,Ap #910-4748 Ac Street
4281,Levi Langley,1-491-293-8361,erat.eget.ipsum@aol.couk,Ap #942-5391 In Road
3262,Dora Peck,1-698-961-5134,non.lobortis@hotmail.edu,"P.O. Box 816, 2728 Semper. Av."
5360,Tasha Koch,1-147-856-2514,amet.nulla@outlook.ca,Ap #398-424 Lobortis Street
7739,Giacomo Pittman,1-376-476-4764,dui.cras@google.com,Ap #424-9128 Sociis St.
3690,Rhonda Daugherty,1-302-651-6487,mauris.id@protonmail.edu,3631 Nisi. St.
5859,Kathleen Davenport,1-366-701-2361,adipiscing.ligula.aenean@aol.net,"P.O. Box 867, 4262 In, Road"
6661,Mallory Romero,1-545-405-6174,augue.sed.molestie@google.com,802-4922 Erat Avenue
3003,Ria Santana,1-302-648-9344,sapien.cras@aol.couk,3405 Amet Rd.
1669,Clarke Bonner,1-551-395-2224,iaculis.odio.nam@outlook.edu,Ap #524-8607 Sem Avenue
4419,Valentine Cox,1-656-131-8558,orci.consectetuer.euismod@aol.ca,Ap #701-749 Nam Rd.
6908,Joan Kent,1-447-245-5110,eu.dolor@hotmail.ca,Ap #856-7092 In Ave
8913,George Rodriquez,1-838-637-8775,aliquet.odio@aol.net,967-939 Convallis Rd.
7671,Zenia Grimes,1-262-579-5546,sociis.natoque.penatibus@google.org,431-8718 Suspendisse Rd.
3459,Lacey Hoffman,1-857-748-7095,ac.mi.eleifend@aol.org,Ap #762-1327 Urna St.
2553,Bo Joyce,1-587-585-8528,porttitor.scelerisque@hotmail.ca,"P.O. Box 588, 3485 Aliquam St."
9075,Addison Patterson,1-958-674-6866,nec.euismod@google.edu,"788-4177 Vel, Ave"
5198,Colt Wilkerson,1-341-146-8257,ultrices.iaculis@hotmail.com,"976-2714 Non, St."
3729,Jerry Tyler,1-584-344-6172,eget.metus@hotmail.net,901-4652 Pharetra Rd.
4039,Edward Armstrong,1-643-229-5319,egestas@yahoo.edu,439-3697 Adipiscing. Av.
4816,Lenore Tran,1-886-550-6287,curae.phasellus@protonmail.ca,404-5243 Tristique Rd.
2545,Neville Wilkerson,1-325-244-8008,augue.ut@hotmail.com,143-3037 Magna. Av.
4907,Seth Harmon,1-775-505-5424,in.tincidunt@aol.couk,Ap #854-1457 Bibendum Av.
8657,Aurora Cherry,1-577-855-4713,nunc@outlook.net,318-5387 Nec Street
7536,Melvin Norman,1-471-303-6355,euismod.et@hotmail.org,"P.O. Box 811, 2760 At, St."
8432,Priscilla Munoz,1-614-777-7230,cum.sociis.natoque@hotmail.net,432-6683 Rutrum St.
1906,Lavinia Keith,1-424-351-4892,aenean.euismod@protonmail.ca,2446 Accumsan St.
5523,Sybill Mckinney,1-126-283-5243,elit.elit.fermentum@aol.com,Ap #699-1528 Iaculis Ave
8048,Morgan Pennington,1-629-611-5749,scelerisque.neque@google.net,"312-5540 Placerat, Road"
9443,Imani Wood,1-531-887-3212,sollicitudin.adipiscing@outlook.ca,998-7719 Tempus Street
7262,Omar Maynard,1-874-125-1550,at.pretium@protonmail.net,Ap #230-6716 Aenean Street
9526,Dalton Gordon,1-437-750-2333,nec.tellus.nunc@hotmail.edu,"8570 Leo, St."
1834,Talon Mccullough,1-367-992-4715,ultrices@hotmail.ca,Ap #436-564 Nisl Road
1361,Dane Snider,1-551-826-4746,gravida.non.sollicitudin@icloud.org,Ap #517-8019 Quis Street
1986,Drake Alvarado,1-668-225-6464,nisl.arcu@protonmail.com,581-9461 Bibendum Rd.
8467,Fallon Lang,1-832-997-2220,sit.amet.lorem@yahoo.org,466-1556 Lacinia St.
7674,Sierra Frank,1-436-436-5682,imperdiet.ornare@outlook.org,1976 Neque. Rd.
9748,TaShya Green,1-306-974-8498,consectetuer.adipiscing@outlook.net,568-3093 Lacus. Ave
1726,Astra Pratt,1-716-505-6089,interdum.libero@icloud.org,Ap #774-488 Commodo St.
1923,Hammett Swanson,1-414-587-8686,lorem.vehicula@google.net,"P.O. Box 755, 3099 Massa. St."
9630,Samantha Huff,1-574-526-8214,luctus.curabitur.egestas@google.com,638-3236 Nulla Rd.
9983,Pascale Merrill,1-432-697-9962,eleifend.non@outlook.ca,923-4064 Lectus Street
1440,Myles Ellis,1-823-813-8948,erat.vel.pede@google.couk,"P.O. Box 262, 4192 Enim. Rd."
9604,Willow Cantu,1-661-723-6480,donec.sollicitudin.adipiscing@protonmail.edu,264-4347 Iaculis Rd.
2381,Martin Hooper,1-297-789-4223,est.vitae@protonmail.couk,961-2130 Ac Av.
6374,Tarik Gonzalez,1-242-732-5162,risus.morbi.metus@yahoo.net,105-2842 Mi Street
7041,Jelani Ruiz,1-701-966-0586,sem.consequat.nec@outlook.couk,5537 Neque Ave
6983,Xena James,1-217-750-5125,laoreet.libero@protonmail.net,717-4082 A Road
2772,Athena Wagner,1-471-739-8746,adipiscing@aol.com,"P.O. Box 881, 2341 Magna. Av."
4933,McKenzie Burris,1-557-665-6241,accumsan@icloud.com,"Ap #568-1769 Ut, Rd."
7442,MacKensie Frye,1-778-541-1618,maecenas.mi.felis@outlook.edu,"P.O. Box 268, 6446 Iaculis Street"
4559,Blossom Carson,1-294-303-5546,mauris.non.dui@protonmail.net,Ap #170-7961 Feugiat Av.
4139,Hayes Johnston,1-423-361-8675,ultrices.iaculis@aol.org,Ap #362-9460 Malesuada Ave
3586,Nomlanga Hudson,1-478-668-6884,nibh.vulputate@aol.com,Ap #822-7231 Fames St.
8029,Lars Pugh,1-361-611-4484,ut.ipsum@hotmail.net,450-6098 Sit St.
6722,Jin Kelly,1-863-263-3484,tempus@outlook.couk,4246 Varius Av.
7760,Aaron Raymond,1-298-269-7567,duis.risus@google.net,"Ap #623-8900 Felis, Street"
3268,Tyrone Simmons,1-339-349-4965,vitae.diam@yahoo.net,833-7200 Quisque Ave
8611,Timon Mullins,1-351-625-5325,sagittis.lobortis.mauris@protonmail.edu,515-6313 Orci St.
8566,Tatum Finley,1-233-521-4121,tempus.risus@google.ca,591-6775 Ut St.
2877,Griffith Snider,1-584-656-7855,sagittis.nullam.vitae@hotmail.net,"P.O. Box 347, 3573 Eros. Avenue"
8184,Anika Dominguez,1-133-412-4630,interdum@yahoo.ca,3413 Nunc St.
1983,Rigel Fletcher,1-299-321-1734,dui@outlook.net,Ap #747-9969 Suspendisse Street
8834,Phillip Stephens,1-116-143-3160,neque@protonmail.couk,1195 Penatibus Av.
5139,Ira Mcclure,1-738-367-5721,urna.nunc.quis@hotmail.org,185-9190 Erat St.
4431,Brett Burgess,1-222-267-1068,ante.dictum@hotmail.org,271-471 Mi Avenue
2786,Quinn Simmons,1-644-533-0164,a@yahoo.couk,9226 Molestie Street
8156,Connor Wells,1-144-936-8127,magna.a@google.net,5665 Inceptos Street
9935,Nathaniel Sharp,1-286-721-8245,egestas@protonmail.edu,316-2015 Mauris Road
1529,Ferris Stuart,1-538-971-4519,est.mollis@yahoo.com,Ap #188-9847 Ac Street
8060,Raphael Osborn,1-767-615-1294,est.arcu.ac@google.ca,390-9639 Lobortis Rd.
5285,Destiny Burris,1-457-438-7211,aliquet.magna@yahoo.couk,2644 Ac St.
5680,Jemima Morales,1-532-663-1044,felis.orci@protonmail.couk,1892 A Ave
8523,Neville Dixon,1-521-318-3344,proin.sed@icloud.com,Ap #836-6460 A Ave
3569,Adam Snow,1-480-755-1067,massa.suspendisse@icloud.org,"P.O. Box 110, 4904 Per St."
8916,Robin Tanner,1-517-171-9030,sed.dui.fusce@icloud.couk,6793 Condimentum. Av.
3802,Madison Ellison,1-877-263-3241,egestas.ligula@aol.net,Ap #386-4270 Vestibulum St.
1117,Uta Ramsey,1-676-613-8377,urna.et@yahoo.edu,"P.O. Box 575, 2838 Nec Rd."
9569,Gray Finley,1-164-485-8275,ligula.aenean.gravida@protonmail.couk,2711 Volutpat Avenue
7133,Kirsten Kinney,1-684-331-3622,morbi.tristique@outlook.couk,160-2612 Luctus Rd.
8625,Eliana Gillespie,1-718-308-4274,neque.sed.eget@hotmail.edu,345-9303 Sed Street
4092,Theodore Gill,1-259-888-1212,enim@hotmail.couk,"P.O. Box 429, 1253 Mi. Rd."
8837,Ulysses Harris,1-572-455-1338,ultrices.posuere@icloud.org,495-4906 Nonummy. Road
7388,Kimberley Mack,1-653-247-6382,dolor@yahoo.org,Ap #705-5558 Luctus. Street
6624,Jamal Morgan,1-511-856-6307,a@protonmail.edu,"P.O. Box 709, 8612 Consectetuer Rd."
2738,Carl Clarke,1-408-818-2024,vel.quam@google.net,"P.O. Box 341, 2274 Aliquam Av."
8505,Theodore Massey,1-439-872-5848,erat.etiam.vestibulum@protonmail.org,"P.O. Box 290, 8194 Vel Ave"
8020,Randall Terry,1-557-818-6352,vitae.diam@aol.org,3255 A Rd.
3522,Nathan Beck,1-725-116-4140,donec.felis@hotmail.couk,Ap #293-6333 Ipsum Av.
1708,Charles Kline,1-813-414-1030,id.libero.donec@outlook.org,"P.O. Box 702, 5929 Feugiat Avenue"
9430,Uriel Robinson,1-416-129-4321,ac.urna@hotmail.edu,359-395 Eros. Avenue
6483,Maryam Hernandez,1-324-987-1956,imperdiet.dictum.magna@outlook.com,"P.O. Box 657, 1102 At, Rd."
6789,Mufutau Dudley,1-869-636-1287,nisl.elementum@yahoo.com,"476-1782 Iaculis, Avenue"
9188,Blythe Ingram,1-475-843-6850,phasellus@outlook.org,"Ap #746-3928 Semper, Ave"
4898,Iliana Ellison,1-371-665-4103,lorem.vitae@icloud.ca,1416 Mi Road
9400,Jenette Erickson,1-216-173-6471,per.conubia@aol.net,Ap #565-9387 Neque. Avenue
8647,Abel Kinney,1-541-344-1147,curabitur.vel@outlook.com,360-5967 Luctus Av.
9004,Christen Potts,1-483-786-4383,vitae.aliquam@yahoo.net,Ap #164-8445 Fusce St.
5367,Jasmine Barron,1-883-683-2113,luctus@hotmail.ca,1385 Velit Av.
8619,Azalia Chen,1-511-979-1645,ornare.sagittis.felis@aol.couk,870-855 Massa. St.
4813,Xanthus Luna,1-748-820-4163,sapien.nunc@hotmail.org,768-5388 Ac Street
5393,Georgia Wolfe,1-684-509-2761,feugiat.nec.diam@protonmail.ca,Ap #390-7691 Elementum Rd.
7079,Zenia Cardenas,1-523-165-8728,et.magnis@protonmail.edu,184-8567 Erat Rd.
5459,Nora Tyson,1-642-171-7145,sagittis.semper@aol.net,Ap #949-7425 Vel St.
9862,Hall Heath,1-858-563-6143,auctor.velit.aliquam@outlook.edu,"Ap #639-1579 Consectetuer, St."
4388,Amber Carey,1-447-377-8576,luctus.aliquet@yahoo.edu,Ap #659-9645 Donec Avenue
9831,Ryan Berger,1-862-774-0118,ultrices.posuere@outlook.edu,"8571 Iaculis, St."
7546,Heather Oneil,1-386-761-8754,quisque.tincidunt@hotmail.edu,Ap #148-4402 Quam Road
6728,Ian Parker,1-742-168-0972,egestas.aliquam@icloud.ca,4759 Lacus. Street
9784,Tiger Kline,1-712-464-6692,id.mollis@protonmail.couk,Ap #803-8109 Proin Av.
8235,Tatiana Shepard,1-676-807-7874,odio.tristique@outlook.net,314-5341 Cras Street
4686,Avram Jenkins,1-293-669-3116,eu.dui@protonmail.couk,Ap #551-3626 Aenean Road
7260,Warren Winters,1-832-827-2722,ante.blandit.viverra@protonmail.net,4827 Odio Av.
7791,Seth Bartlett,1-220-655-1988,cursus.in@yahoo.edu,742-6674 Nam Rd.
5219,Dara Hampton,1-960-264-2278,est.mollis@protonmail.org,Ap #789-2420 Ornare Rd.
5875,Jackson Frank,1-576-270-5129,in.faucibus.orci@google.edu,"9651 Amet, Ave"
3116,Buckminster Shaw,1-506-418-4744,elementum@outlook.org,"P.O. Box 821, 7708 A Rd."
1397,Quinlan Russell,1-570-266-3087,enim.suspendisse.aliquet@aol.couk,Ap #630-8222 Commodo St.
8386,Abdul Kirkland,1-273-615-7341,nibh.donec@outlook.edu,673-5633 Interdum. Rd.
6976,Willow Hester,1-750-453-0682,accumsan.interdum@hotmail.ca,"Ap #793-1642 Non, Road"
6135,Halee Rowe,1-823-234-1875,augue.scelerisque.mollis@outlook.ca,335-1346 Morbi Avenue
9673,Axel Workman,1-511-456-6686,magnis.dis@outlook.couk,"P.O. Box 442, 6372 Ante Av."
3906,Clare Sanford,1-865-628-3574,non.magna@aol.edu,"P.O. Box 847, 2667 Nisi Road"
7025,Lunea Ayala,1-508-685-6323,donec.vitae@hotmail.ca,9619 Proin Street
9090,Emerson Gonzales,1-267-316-1668,sed.turpis@protonmail.com,Ap #347-625 Semper Ave
7881,Reece Griffith,1-541-105-4273,vitae.risus@icloud.org,"P.O. Box 618, 3371 Id Rd."
3925,Yardley Vance,1-901-222-3053,eget.tincidunt@icloud.com,"8835 Nec, Ave"
7095,George Morrow,1-347-447-5229,proin@yahoo.couk,4240 Adipiscing St.
4219,Isadora Farley,1-553-542-4142,malesuada.fringilla@outlook.couk,Ap #111-4015 Ullamcorper Av.
9144,Lester Wheeler,1-374-963-9162,velit.in@yahoo.com,Ap #597-688 Neque. Ave
5557,Madeson Cherry,1-779-172-2634,in.condimentum@yahoo.org,752-1454 Sed Avenue
2282,Zeph Shepherd,1-454-357-8423,amet@google.couk,292-8411 Ipsum. Av.
7477,Melissa Cain,1-876-528-8034,et.libero.proin@aol.couk,410-9262 Lorem Av.
9059,Garrett Booth,1-677-164-8568,feugiat.metus@google.couk,"2379 A, Ave"
1371,Amelia Golden,1-451-165-8367,sed.nunc@hotmail.edu,774-4838 Nullam Street
7775,Kay Garner,1-956-614-4365,in.tincidunt@icloud.com,375-2698 Risus Avenue
3491,Medge Acevedo,1-515-542-1958,fermentum.arcu.vestibulum@protonmail.couk,"P.O. Box 228, 7178 Nec, St."
2733,Renee Barber,1-617-263-3656,nunc@icloud.couk,493-1829 Ante. Av.
9193,Galvin Mercado,1-653-561-2858,amet@google.net,"P.O. Box 181, 4953 Malesuada Ave"
1912,Abdul Hobbs,1-418-659-3846,ullamcorper.magna@google.org,441-4931 Vel Ave
2369,Kimberley Stanley,1-746-736-2024,cras.dictum@yahoo.net,Ap #165-8463 Integer St.
5550,Caldwell Williams,1-738-827-4476,dolor.donec@protonmail.net,"866-9004 At, Rd."
8057,Rinah Kemp,1-985-282-0462,a.feugiat@protonmail.ca,"P.O. Box 516, 2665 A, St."
8194,Lillian Mcfarland,1-588-869-2481,suspendisse@google.com,7702 Semper Road
8220,Steven Mcmillan,1-589-534-4848,sed.libero@aol.com,Ap #474-5074 Donec Rd.
3369,Louis Rowe,1-562-864-1215,hendrerit@icloud.org,"1220 Vitae, Ave"
9287,Preston Phelps,1-644-676-5276,massa.quisque@outlook.ca,"Ap #604-1405 Elit, Av."
1319,Chantale Rosales,1-126-781-8156,non.luctus@yahoo.org,397-1759 Massa Rd.
3319,Emily Fernandez,1-716-335-8316,ultrices.sit@aol.net,830-3853 Enim Rd.
9075,Ciara Newman,1-567-153-4447,nulla.facilisis.suspendisse@outlook.net,379-6530 Bibendum Av.
1616,Nichole Ramos,1-991-635-2542,ut.cursus@protonmail.com,Ap #116-6401 Sagittis Avenue
3173,Candice Pennington,1-266-860-2115,morbi.tristique.senectus@outlook.couk,Ap #795-6285 Nunc Avenue
4978,Chandler Gonzales,1-182-340-4855,diam.luctus@yahoo.org,741-1758 Phasellus Ave
8391,Celeste Mejia,1-738-268-7703,diam.dictum@outlook.edu,Ap #703-4467 Magnis St.
3545,Kareem Melendez,1-488-212-3030,ut@yahoo.org,1672 Ac Ave
6964,Hermione Roberson,1-387-982-6693,ipsum.dolor.sit@hotmail.net,529-182 Curabitur Road
5604,Otto Holman,1-867-363-6883,tincidunt@hotmail.couk,1586 Eget Rd.
2760,Shannon Clay,1-508-931-9633,praesent.luctus@protonmail.edu,"P.O. Box 571, 3134 Sed St."
4180,Destiny Kirby,1-736-116-3485,at@google.couk,4175 Pellentesque Avenue
9426,Armando Little,1-248-946-6174,donec.tempus@google.ca,9953 Rutrum Road
1693,Jesse Johnston,1-611-901-9186,eu.ultrices@icloud.edu,784-2300 Volutpat. St.
2295,Karly Hoover,1-853-515-6827,est.nunc@yahoo.org,Ap #580-8876 Sit St.
9007,Octavius Michael,1-636-740-2071,tristique.pellentesque@aol.edu,Ap #332-3065 Velit St.
9098,John Henderson,1-731-526-5135,convallis@yahoo.com,"P.O. Box 796, 2253 Penatibus Rd."
9514,Alexis Knox,1-819-341-2394,pellentesque.ut@yahoo.couk,"P.O. Box 314, 3817 Sit Av."
3392,Madonna Kinney,1-857-616-9967,ultrices.mauris@outlook.ca,251-3534 Magnis Av.
9889,Shoshana Jenkins,1-572-829-6446,diam.dictum@icloud.org,"P.O. Box 901, 2485 Tortor. Ave"
7764,Zephania Bennett,1-613-836-9315,lobortis@aol.org,7436 Et St.
1942,Ursula Rhodes,1-878-397-1978,eu.odio@google.net,232-4169 Metus Rd.
3746,Tiger Booker,1-223-812-1974,elit.sed@outlook.net,"Ap #619-8071 Orci, Ave"
2749,Liberty Joyce,1-399-824-1803,mauris.vel@icloud.ca,Ap #768-8781 Dolor. St.
4032,Sybil Maxwell,1-377-633-0181,purus.ac@google.couk,"Ap #138-3690 Vel, St."
2930,Brendan Norton,1-738-386-7668,suspendisse@outlook.edu,"282-2508 In, Avenue"
6407,Audra Hale,1-700-844-9462,ullamcorper.viverra@hotmail.couk,3949 Dolor. Rd.
6843,Odessa Roth,1-920-440-0535,suspendisse.dui@outlook.com,6075 Cursus. St.
2633,Emmanuel Sanford,1-440-704-9145,sagittis.augue@aol.net,"P.O. Box 203, 1015 Posuere Street"
2918,Haviva Kinney,1-668-326-1846,parturient.montes@aol.couk,Ap #690-6036 Nulla St.
2350,Jemima Rosa,1-658-658-1942,sem.consequat.nec@protonmail.net,Ap #885-3322 Quis Ave
7909,Kelly Pugh,1-328-267-8436,dapibus@protonmail.couk,615-7461 Ornare Rd.
2841,Martina Newton,1-971-371-7087,nunc.sed@outlook.net,632-9939 Tellus. Road
4386,Candace Humphrey,1-351-783-5292,tempus.lorem.fringilla@google.ca,884-7184 Morbi Ave
5356,Slade Kane,1-216-597-4199,ante.ipsum@outlook.couk,"174-8494 Ut, Road"
2390,Imani Salinas,1-787-854-6720,magna.a.tortor@aol.net,Ap #605-9036 Sed Ave
4161,Ella Rivera,1-987-333-0046,et.rutrum.non@outlook.net,Ap #932-8719 Donec Road
